driver_id,total_fare,avg_distance
42,16.2,35.88
35,270.71,38.65333333333333
71,291.53,32.46333333333333
5,267.9,25.326666666666664
100,231.90999999999997,9.596666666666666
18,9.07,49.15
19,406.01,11.69
41,117.44,22.86
23,248.41000000000003,21.34
25,170.22,26.416666666666668
53,189.65,30.135000000000005
92,149.01999999999998,25.662499999999998
63,283.77,17.583333333333332
65,56.71,19.585
66,133.23000000000002,2.21
